{"cameraMode":{"drawMode":0,"name":"Shaded","section":"Shading Mode"},"sceneLighting":true,"audioPlay":false,"sceneViewState":{"showFog":true,"showMaterialUpdate":false,"showSkybox":true,"showFlares":true,"showImageEffects":true,"showParticleSystems":true},"in2DMode":false,"pivot":{"x":-5.369114875793457,"y":1.0495648384094239,"z":1.763092041015625},"rotation":{"x":0.3567812740802765,"y":-0.28485536575317385,"z":0.11520257592201233,"w":0.8822091817855835},"size":25.34625816345215,"orthographic":false}